{"has_child":1,"home_url":"https:\/\/raspberries.softsys.ca","child_file":{"raspberries.softsys.ca_wpvivid-625488ebf13a5_2022-04-11-20-00_backup_core.zip":{"include_path":["wp-includes","wp-admin"],"wp_core":1,"home_url":"https:\/\/raspberries.softsys.ca","file_type":"wp-core","root_flag":"root","file":"raspberries.softsys.ca_wpvivid-625488ebf13a5_2022-04-11-20-00_backup_core.zip","php_version":"7.4.28","mysql_version":"5.5.5"},"raspberries.softsys.ca_wpvivid-625488ebf13a5_2022-04-11-20-00_backup_uploads.zip":{"file_type":"upload","root_flag":"wp-content","file":"raspberries.softsys.ca_wpvivid-625488ebf13a5_2022-04-11-20-00_backup_uploads.zip","php_version":"7.4.28","mysql_version":"5.5.5"},"raspberries.softsys.ca_wpvivid-625488ebf13a5_2022-04-11-20-00_backup_themes.zip":{"file_type":"themes","themes":{"neve":{"slug":"neve","size":6628053},"twentytwenty":{"slug":"twentytwenty","size":1782862},"twentytwentyone":{"slug":"twentytwentyone","size":3666363},"twentytwentytwo":{"slug":"twentytwentytwo","size":3694185}},"root_flag":"wp-content","file":"raspberries.softsys.ca_wpvivid-625488ebf13a5_2022-04-11-20-00_backup_themes.zip","php_version":"7.4.28","mysql_version":"5.5.5"},"raspberries.softsys.ca_wpvivid-625488ebf13a5_2022-04-11-20-00_backup_db.zip":{"dump_db":1,"home_url":"https:\/\/raspberries.softsys.ca","file_type":"databases","root_flag":"custom","file":"raspberries.softsys.ca_wpvivid-625488ebf13a5_2022-04-11-20-00_backup_db.zip","php_version":"7.4.28","mysql_version":"5.5.5"},"raspberries.softsys.ca_wpvivid-625488ebf13a5_2022-04-11-20-00_backup_content.zip":{"file_type":"wp-content","root_flag":"root","file":"raspberries.softsys.ca_wpvivid-625488ebf13a5_2022-04-11-20-00_backup_content.zip","php_version":"7.4.28","mysql_version":"5.5.5"}},"root_flag":"custom","file":"raspberries.softsys.ca_wpvivid-625488ebf13a5_2022-04-11-20-00_backup_all.part002.zip","php_version":"7.4.28","mysql_version":"5.5.5"}