{"has_child":1,"home_url":"https:\/\/raspberries.softsys.ca","child_file":{"raspberries.softsys.ca_wpvivid-625488ebf13a5_2022-04-11-20-00_backup_plugin.zip":{"file_type":"plugin","plugin":{"all-in-one-wp-migration":{"slug":"all-in-one-wp-migration","size":1172087},"amp":{"slug":"amp","size":8508494},"amazon-polly":{"slug":"amazon-polly","size":37744657},"contact-form-7":{"slug":"contact-form-7","size":685421},"cf7-repeatable-fields":{"slug":"cf7-repeatable-fields","size":22871},"contact-form-7-multi-step-module":{"slug":"contact-form-7-multi-step-module","size":3493421},"contact-form-7-shortcode-enabler":{"slug":"contact-form-7-shortcode-enabler","size":2240},"easy-appointments":{"slug":"easy-appointments","size":10235553},"flamingo":{"slug":"flamingo","size":126340},"google-analytics-for-wordpress":{"slug":"google-analytics-for-wordpress","size":9758742},"jetpack":{"slug":"jetpack","size":28077518},"progress-bar":{"slug":"progress-bar","size":44454},"wc-quantity-plus-minus-button":{"slug":"wc-quantity-plus-minus-button","size":69408},"simple-tags":{"slug":"simple-tags","size":1348477},"ultimate-social-media-icons":{"slug":"ultimate-social-media-icons","size":22205540},"astra-sites":{"slug":"astra-sites","size":5782415},"updraftplus":{"slug":"updraftplus","size":27021802},"w3-total-cache":{"slug":"w3-total-cache","size":30161871}},"root_flag":"wp-content","file":"raspberries.softsys.ca_wpvivid-625488ebf13a5_2022-04-11-20-00_backup_plugin.zip","php_version":"7.4.28","mysql_version":"5.5.5"}},"root_flag":"custom","file":"raspberries.softsys.ca_wpvivid-625488ebf13a5_2022-04-11-20-00_backup_all.part001.zip","php_version":"7.4.28","mysql_version":"5.5.5"}